{"cameraMode":{"drawMode":0,"name":"Shaded","section":"Shading Mode"},"sceneLighting":true,"audioPlay":false,"sceneViewState":{"m_AlwaysRefresh":false,"showFog":true,"showSkybox":true,"showFlares":true,"showImageEffects":true,"showParticleSystems":true,"showVisualEffectGraphs":true,"m_FxEnabled":true},"in2DMode":false,"pivot":{"x":335.9400939941406,"y":300.1089172363281,"z":91.2020263671875},"rotation":{"x":-0.01949506625533104,"y":0.019495008513331415,"z":0.0003801973653025925,"w":0.999620258808136},"size":306.9728698730469,"orthographic":false}